Product Id,Product Handle,Product Title,Product Subtitle,Product Description,Product Status,Product Thumbnail,Product Weight,Product Length,Product Width,Product Height,Product HS Code,Product Origin Country,Product MID Code,Product Material,Shipping Profile Id,Product Sales Channel 1,Product Collection Id,Product Type Id,Product Tag 1,Product Discountable,Product External Id,Variant Id,Variant Title,Variant SKU,Variant Barcode,Variant Allow Backorder,Variant Manage Inventory,Variant Weight,Variant Length,Variant Width,Variant Height,Variant HS Code,Variant Origin Country,Variant MID Code,Variant Material,Variant Price EUR,Variant Price USD,Variant Option 1 Name,Variant Option 1 Value,Product Image 1 Url,Product Image 2 Url
,vaapee-star-100k,VAAPEE STAR 100K,,High-capacity rechargeable disposable vape with dual tank system and 100K puffs.,published,https://vaapee0403.dongsir06.workers.dev/img/all_img/product/VAAPEE_STAR_100K/single_product/Blue_Razz_Ice.webp,,,,,,,,,,TRUE,,,,TRUE,,,Blue Razz Ice,VAAPEE_STAR_100K-blue-razz-ice,,FALSE,TRUE,,,,,,,,,,,Flavor,Blue Razz Ice,https://vaapee0403.dongsir06.workers.dev/img/all_img/product/VAAPEE_STAR_100K/single_product/Blue_Razz_Ice.webp,
,vaapee-star-100k,VAAPEE STAR 100K,,High-capacity rechargeable disposable vape with dual tank system and 100K puffs.,published,https://vaapee0403.dongsir06.workers.dev/img/all_img/product/VAAPEE_STAR_100K/single_product/Blue_Razz_Ice.webp,,,,,,,,,,TRUE,,,,TRUE,,,Blueberry Raspberry Cherry,VAAPEE_STAR_100K-blueberry-raspberry-cherry,,FALSE,TRUE,,,,,,,,,,,Flavor,Blueberry Raspberry Cherry,https://vaapee0403.dongsir06.workers.dev/img/all_img/product/VAAPEE_STAR_100K/single_product/Blueberry_Raspberry_Cherry.webp,
,vaapee-star-100k,VAAPEE STAR 100K,,High-capacity rechargeable disposable vape with dual tank system and 100K puffs.,published,https://vaapee0403.dongsir06.workers.dev/img/all_img/product/VAAPEE_STAR_100K/single_product/Blue_Razz_Ice.webp,,,,,,,,,,TRUE,,,,TRUE,,,Cherry Cola,VAAPEE_STAR_100K-cherry-cola,,FALSE,TRUE,,,,,,,,,,,Flavor,Cherry Cola,https://vaapee0403.dongsir06.workers.dev/img/all_img/product/VAAPEE_STAR_100K/single_product/Cherry_Cola.webp,
,vaapee-star-100k,VAAPEE STAR 100K,,High-capacity rechargeable disposable vape with dual tank system and 100K puffs.,published,https://vaapee0403.dongsir06.workers.dev/img/all_img/product/VAAPEE_STAR_100K/single_product/Blue_Razz_Ice.webp,,,,,,,,,,TRUE,,,,TRUE,,,Double Apple Ice,VAAPEE_STAR_100K-double-apple-ice,,FALSE,TRUE,,,,,,,,,,,Flavor,Double Apple Ice,https://vaapee0403.dongsir06.workers.dev/img/all_img/product/VAAPEE_STAR_100K/single_product/Double_Apple_Ice.webp,
,vaapee-star-100k,VAAPEE STAR 100K,,High-capacity rechargeable disposable vape with dual tank system and 100K puffs.,published,https://vaapee0403.dongsir06.workers.dev/img/all_img/product/VAAPEE_STAR_100K/single_product/Blue_Razz_Ice.webp,,,,,,,,,,TRUE,,,,TRUE,,,Grape Ice,VAAPEE_STAR_100K-grape-ice,,FALSE,TRUE,,,,,,,,,,,Flavor,Grape Ice,https://vaapee0403.dongsir06.workers.dev/img/all_img/product/VAAPEE_STAR_100K/single_product/Grape_Ice.webp,
,vaapee-star-100k,VAAPEE STAR 100K,,High-capacity rechargeable disposable vape with dual tank system and 100K puffs.,published,https://vaapee0403.dongsir06.workers.dev/img/all_img/product/VAAPEE_STAR_100K/single_product/Blue_Razz_Ice.webp,,,,,,,,,,TRUE,,,,TRUE,,,Mixed Berries,VAAPEE_STAR_100K-mixed-berries,,FALSE,TRUE,,,,,,,,,,,Flavor,Mixed Berries,https://vaapee0403.dongsir06.workers.dev/img/all_img/product/VAAPEE_STAR_100K/single_product/Mixed_Berries.webp,
,vaapee-star-100k,VAAPEE STAR 100K,,High-capacity rechargeable disposable vape with dual tank system and 100K puffs.,published,https://vaapee0403.dongsir06.workers.dev/img/all_img/product/VAAPEE_STAR_100K/single_product/Blue_Razz_Ice.webp,,,,,,,,,,TRUE,,,,TRUE,,,Peach Ice,VAAPEE_STAR_100K-peach-ice,,FALSE,TRUE,,,,,,,,,,,Flavor,Peach Ice,https://vaapee0403.dongsir06.workers.dev/img/all_img/product/VAAPEE_STAR_100K/single_product/Peach_Ice.webp,
,vaapee-star-100k,VAAPEE STAR 100K,,High-capacity rechargeable disposable vape with dual tank system and 100K puffs.,published,https://vaapee0403.dongsir06.workers.dev/img/all_img/product/VAAPEE_STAR_100K/single_product/Blue_Razz_Ice.webp,,,,,,,,,,TRUE,,,,TRUE,,,Peach Mango Watermelon,VAAPEE_STAR_100K-peach-mango-watermelon,,FALSE,TRUE,,,,,,,,,,,Flavor,Peach Mango Watermelon,https://vaapee0403.dongsir06.workers.dev/img/all_img/product/VAAPEE_STAR_100K/single_product/Peach_Mango_Watermelon.webp,
,vaapee-star-100k,VAAPEE STAR 100K,,High-capacity rechargeable disposable vape with dual tank system and 100K puffs.,published,https://vaapee0403.dongsir06.workers.dev/img/all_img/product/VAAPEE_STAR_100K/single_product/Blue_Razz_Ice.webp,,,,,,,,,,TRUE,,,,TRUE,,,Red Bull,VAAPEE_STAR_100K-red-bull,,FALSE,TRUE,,,,,,,,,,,Flavor,Red Bull,https://vaapee0403.dongsir06.workers.dev/img/all_img/product/VAAPEE_STAR_100K/single_product/Red_Bull.webp,
,vaapee-star-100k,VAAPEE STAR 100K,,High-capacity rechargeable disposable vape with dual tank system and 100K puffs.,published,https://vaapee0403.dongsir06.workers.dev/img/all_img/product/VAAPEE_STAR_100K/single_product/Blue_Razz_Ice.webp,,,,,,,,,,TRUE,,,,TRUE,,,Watermelon Ice,VAAPEE_STAR_100K-watermelon-ice,,FALSE,TRUE,,,,,,,,,,,Flavor,Watermelon Ice,https://vaapee0403.dongsir06.workers.dev/img/all_img/product/VAAPEE_STAR_100K/single_product/Watermelon_Ice.webp,
,vapanda-4-in-1-120k,VAPANDA 4 IN 1 120K,,Four-flavor system disposable vape with 120K puffs.,published,https://vaapee0403.dongsir06.workers.dev/img/all_img/product/VAPANDA_4_IN_1_120K/single_product/Blue_Razz_Lemonade_Lemon_Lime_Grape_Ice_Cherry_Cola_Ice.webp,,,,,,,,,,TRUE,,,,TRUE,,,Blue Razz Lemonade Lemon Lime Grape Ice Cherry Cola Ice,VAPANDA_4_IN_1_120K-blue-razz-lemonade-lemon-lime-grape-ice-cherry-cola-ice,,FALSE,TRUE,,,,,,,,,,,Flavor,Blue Razz Lemonade Lemon Lime Grape Ice Cherry Cola Ice,https://vaapee0403.dongsir06.workers.dev/img/all_img/product/VAPANDA_4_IN_1_120K/single_product/Blue_Razz_Lemonade_Lemon_Lime_Grape_Ice_Cherry_Cola_Ice.webp,
,vapanda-4-in-1-120k,VAPANDA 4 IN 1 120K,,Four-flavor system disposable vape with 120K puffs.,published,https://vaapee0403.dongsir06.workers.dev/img/all_img/product/VAPANDA_4_IN_1_120K/single_product/Blue_Razz_Lemonade_Lemon_Lime_Grape_Ice_Cherry_Cola_Ice.webp,,,,,,,,,,TRUE,,,,TRUE,,,Cola Ice Blueberry Ice Triple Melon Strawberry Grape,VAPANDA_4_IN_1_120K-cola-ice-blueberry-ice-triple-melon-strawberry-grape,,FALSE,TRUE,,,,,,,,,,,Flavor,Cola Ice Blueberry Ice Triple Melon Strawberry Grape,https://vaapee0403.dongsir06.workers.dev/img/all_img/product/VAPANDA_4_IN_1_120K/single_product/Cola_Ice_Blueberry_Ice_Triple_Melon_Strawberry_Grape.webp,
,vapanda-4-in-1-120k,VAPANDA 4 IN 1 120K,,Four-flavor system disposable vape with 120K puffs.,published,https://vaapee0403.dongsir06.workers.dev/img/all_img/product/VAPANDA_4_IN_1_120K/single_product/Blue_Razz_Lemonade_Lemon_Lime_Grape_Ice_Cherry_Cola_Ice.webp,,,,,,,,,,TRUE,,,,TRUE,,,Peach Ice Grape Ice Peach Mango Watermelon Watermelon Ice,VAPANDA_4_IN_1_120K-peach-ice-grape-ice-peach-mango-watermelon-watermelon-ice,,FALSE,TRUE,,,,,,,,,,,Flavor,Peach Ice Grape Ice Peach Mango Watermelon Watermelon Ice,https://vaapee0403.dongsir06.workers.dev/img/all_img/product/VAPANDA_4_IN_1_120K/single_product/Peach_Ice_Grape_Ice_Peach_Mango_Watermelon_Watermelon_Ice.webp,
,vapanda-4-in-1-120k,VAPANDA 4 IN 1 120K,,Four-flavor system disposable vape with 120K puffs.,published,https://vaapee0403.dongsir06.workers.dev/img/all_img/product/VAPANDA_4_IN_1_120K/single_product/Blue_Razz_Lemonade_Lemon_Lime_Grape_Ice_Cherry_Cola_Ice.webp,,,,,,,,,,TRUE,,,,TRUE,,,Red Bull Blue Razz Ice Kiwi Passion Fruit Guava Strawberry Watermelon,VAPANDA_4_IN_1_120K-red-bull-blue-razz-ice-kiwi-passion-fruit-guava-strawberry-water,,FALSE,TRUE,,,,,,,,,,,Flavor,Red Bull Blue Razz Ice Kiwi Passion Fruit Guava Strawberry Watermelon,https://vaapee0403.dongsir06.workers.dev/img/all_img/product/VAPANDA_4_IN_1_120K/single_product/Red_Bull_Blue_Razz_Ice_Kiwi_Passion_Fruit_Guava_Strawberry_Watermelon.webp,
,vapanda-4-in-1-120k,VAPANDA 4 IN 1 120K,,Four-flavor system disposable vape with 120K puffs.,published,https://vaapee0403.dongsir06.workers.dev/img/all_img/product/VAPANDA_4_IN_1_120K/single_product/Blue_Razz_Lemonade_Lemon_Lime_Grape_Ice_Cherry_Cola_Ice.webp,,,,,,,,,,TRUE,,,,TRUE,,,Red Bull Cherry Cola Blueberry Ice Black Dragon Ice,VAPANDA_4_IN_1_120K-red-bull-cherry-cola-blueberry-ice-black-dragon-ice,,FALSE,TRUE,,,,,,,,,,,Flavor,Red Bull Cherry Cola Blueberry Ice Black Dragon Ice,https://vaapee0403.dongsir06.workers.dev/img/all_img/product/VAPANDA_4_IN_1_120K/single_product/Red_Bull_Cherry_Cola_Blueberry_Ice_Black_Dragon_Ice.webp,
,vapanda-4-in-1-120k,VAPANDA 4 IN 1 120K,,Four-flavor system disposable vape with 120K puffs.,published,https://vaapee0403.dongsir06.workers.dev/img/all_img/product/VAPANDA_4_IN_1_120K/single_product/Blue_Razz_Lemonade_Lemon_Lime_Grape_Ice_Cherry_Cola_Ice.webp,,,,,,,,,,TRUE,,,,TRUE,,,Sour Apple Blueberry Double Apple Ice Apple Peach Peach Ice,VAPANDA_4_IN_1_120K-sour-apple-blueberry-double-apple-ice-apple-peach-peach-ice,,FALSE,TRUE,,,,,,,,,,,Flavor,Sour Apple Blueberry Double Apple Ice Apple Peach Peach Ice,https://vaapee0403.dongsir06.workers.dev/img/all_img/product/VAPANDA_4_IN_1_120K/single_product/Sour_Apple_Blueberry_Double_Apple_Ice_Apple_Peach_Peach_Ice.webp,
,vapanda-4-in-1-120k,VAPANDA 4 IN 1 120K,,Four-flavor system disposable vape with 120K puffs.,published,https://vaapee0403.dongsir06.workers.dev/img/all_img/product/VAPANDA_4_IN_1_120K/single_product/Blue_Razz_Lemonade_Lemon_Lime_Grape_Ice_Cherry_Cola_Ice.webp,,,,,,,,,,TRUE,,,,TRUE,,,Strawberry Ice Strawberry Raspberry Cherry Blue Raspberry Ice Strawberry Kiwi,VAPANDA_4_IN_1_120K-strawberry-ice-strawberry-raspberry-cherry-blue-raspberry-ice-st,,FALSE,TRUE,,,,,,,,,,,Flavor,Strawberry Ice Strawberry Raspberry Cherry Blue Raspberry Ice Strawberry Kiwi,https://vaapee0403.dongsir06.workers.dev/img/all_img/product/VAPANDA_4_IN_1_120K/single_product/Strawberry_Ice_Strawberry_Raspberry_Cherry_Blue_Raspberry_Ice_Strawberry_Kiwi.webp,
,vapanda-4-in-1-120k,VAPANDA 4 IN 1 120K,,Four-flavor system disposable vape with 120K puffs.,published,https://vaapee0403.dongsir06.workers.dev/img/all_img/product/VAPANDA_4_IN_1_120K/single_product/Blue_Razz_Lemonade_Lemon_Lime_Grape_Ice_Cherry_Cola_Ice.webp,,,,,,,,,,TRUE,,,,TRUE,,,Strawberry Raspberry Cherry Mixed Berries Blue Raspberry Ice Raspberry Watermelon,VAPANDA_4_IN_1_120K-strawberry-raspberry-cherry-mixed-berries-blue-raspberry-ice-ras,,FALSE,TRUE,,,,,,,,,,,Flavor,Strawberry Raspberry Cherry Mixed Berries Blue Raspberry Ice Raspberry Watermelon,https://vaapee0403.dongsir06.workers.dev/img/all_img/product/VAPANDA_4_IN_1_120K/single_product/Strawberry_Raspberry_Cherry_Mixed_Berries_Blue_Raspberry_Ice_Raspberry_Watermelon.webp,
,vapanda-4-in-1-120k,VAPANDA 4 IN 1 120K,,Four-flavor system disposable vape with 120K puffs.,published,https://vaapee0403.dongsir06.workers.dev/img/all_img/product/VAPANDA_4_IN_1_120K/single_product/Blue_Razz_Lemonade_Lemon_Lime_Grape_Ice_Cherry_Cola_Ice.webp,,,,,,,,,,TRUE,,,,TRUE,,,Tangerine Ice Lemon Ice Mango Ice Strawberry Banana,VAPANDA_4_IN_1_120K-tangerine-ice-lemon-ice-mango-ice-strawberry-banana,,FALSE,TRUE,,,,,,,,,,,Flavor,Tangerine Ice Lemon Ice Mango Ice Strawberry Banana,https://vaapee0403.dongsir06.workers.dev/img/all_img/product/VAPANDA_4_IN_1_120K/single_product/Tangerine_Ice_Lemon_Ice_Mango_Ice_Strawberry_Banana.webp,
,vapanda-4-in-1-120k,VAPANDA 4 IN 1 120K,,Four-flavor system disposable vape with 120K puffs.,published,https://vaapee0403.dongsir06.workers.dev/img/all_img/product/VAPANDA_4_IN_1_120K/single_product/Blue_Razz_Lemonade_Lemon_Lime_Grape_Ice_Cherry_Cola_Ice.webp,,,,,,,,,,TRUE,,,,TRUE,,,Vanilla Cola Pink lemonade Pineapple Orange Mango Peach,VAPANDA_4_IN_1_120K-vanilla-cola-pink-lemonade-pineapple-orange-mango-peach,,FALSE,TRUE,,,,,,,,,,,Flavor,Vanilla Cola Pink lemonade Pineapple Orange Mango Peach,https://vaapee0403.dongsir06.workers.dev/img/all_img/product/VAPANDA_4_IN_1_120K/single_product/Vanilla_Cola_Pink_lemonade_Pineapple_Orange_Mango_Peach.webp,
,vapliq-e-liquid,VAPLIQ E-Liquid,,"Premium nicotine salt e-liquid, 10ml, 20mg.",published,https://vaapee0403.dongsir06.workers.dev/img/all_img/product/VAPLIQ_e_liquid/single_product/Blue_Razz_Ice.webp,,,,,,,,,,TRUE,,,,TRUE,,,Blue Razz Ice,VAPLIQ_e_liquid-blue-razz-ice,,FALSE,TRUE,,,,,,,,,,,Flavor,Blue Razz Ice,https://vaapee0403.dongsir06.workers.dev/img/all_img/product/VAPLIQ_e_liquid/single_product/Blue_Razz_Ice.webp,
,vapliq-e-liquid,VAPLIQ E-Liquid,,"Premium nicotine salt e-liquid, 10ml, 20mg.",published,https://vaapee0403.dongsir06.workers.dev/img/all_img/product/VAPLIQ_e_liquid/single_product/Blue_Razz_Ice.webp,,,,,,,,,,TRUE,,,,TRUE,,,BLUE RAZZ LEMONADE,VAPLIQ_e_liquid-blue-razz-lemonade,,FALSE,TRUE,,,,,,,,,,,Flavor,BLUE RAZZ LEMONADE,https://vaapee0403.dongsir06.workers.dev/img/all_img/product/VAPLIQ_e_liquid/single_product/BLUE_RAZZ_LEMONADE.webp,
,vapliq-e-liquid,VAPLIQ E-Liquid,,"Premium nicotine salt e-liquid, 10ml, 20mg.",published,https://vaapee0403.dongsir06.workers.dev/img/all_img/product/VAPLIQ_e_liquid/single_product/Blue_Razz_Ice.webp,,,,,,,,,,TRUE,,,,TRUE,,,Blueberry CRANBERRY GRAPE,VAPLIQ_e_liquid-blueberry-cranberry-grape,,FALSE,TRUE,,,,,,,,,,,Flavor,Blueberry CRANBERRY GRAPE,https://vaapee0403.dongsir06.workers.dev/img/all_img/product/VAPLIQ_e_liquid/single_product/Blueberry_CRANBERRY_GRAPE.webp,
,vapliq-e-liquid,VAPLIQ E-Liquid,,"Premium nicotine salt e-liquid, 10ml, 20mg.",published,https://vaapee0403.dongsir06.workers.dev/img/all_img/product/VAPLIQ_e_liquid/single_product/Blue_Razz_Ice.webp,,,,,,,,,,TRUE,,,,TRUE,,,Blueberry Ice,VAPLIQ_e_liquid-blueberry-ice,,FALSE,TRUE,,,,,,,,,,,Flavor,Blueberry Ice,https://vaapee0403.dongsir06.workers.dev/img/all_img/product/VAPLIQ_e_liquid/single_product/Blueberry_Ice.webp,
,vapliq-e-liquid,VAPLIQ E-Liquid,,"Premium nicotine salt e-liquid, 10ml, 20mg.",published,https://vaapee0403.dongsir06.workers.dev/img/all_img/product/VAPLIQ_e_liquid/single_product/Blue_Razz_Ice.webp,,,,,,,,,,TRUE,,,,TRUE,,,Cherry Cola,VAPLIQ_e_liquid-cherry-cola,,FALSE,TRUE,,,,,,,,,,,Flavor,Cherry Cola,https://vaapee0403.dongsir06.workers.dev/img/all_img/product/VAPLIQ_e_liquid/single_product/Cherry_Cola.webp,
,vapliq-e-liquid,VAPLIQ E-Liquid,,"Premium nicotine salt e-liquid, 10ml, 20mg.",published,https://vaapee0403.dongsir06.workers.dev/img/all_img/product/VAPLIQ_e_liquid/single_product/Blue_Razz_Ice.webp,,,,,,,,,,TRUE,,,,TRUE,,,Double Apple Ice,VAPLIQ_e_liquid-double-apple-ice,,FALSE,TRUE,,,,,,,,,,,Flavor,Double Apple Ice,https://vaapee0403.dongsir06.workers.dev/img/all_img/product/VAPLIQ_e_liquid/single_product/Double_Apple_Ice.webp,
,vapliq-e-liquid,VAPLIQ E-Liquid,,"Premium nicotine salt e-liquid, 10ml, 20mg.",published,https://vaapee0403.dongsir06.workers.dev/img/all_img/product/VAPLIQ_e_liquid/single_product/Blue_Razz_Ice.webp,,,,,,,,,,TRUE,,,,TRUE,,,Grape Ice,VAPLIQ_e_liquid-grape-ice,,FALSE,TRUE,,,,,,,,,,,Flavor,Grape Ice,https://vaapee0403.dongsir06.workers.dev/img/all_img/product/VAPLIQ_e_liquid/single_product/Grape_Ice.webp,
,vapliq-e-liquid,VAPLIQ E-Liquid,,"Premium nicotine salt e-liquid, 10ml, 20mg.",published,https://vaapee0403.dongsir06.workers.dev/img/all_img/product/VAPLIQ_e_liquid/single_product/Blue_Razz_Ice.webp,,,,,,,,,,TRUE,,,,TRUE,,,Gummy Bear,VAPLIQ_e_liquid-gummy-bear,,FALSE,TRUE,,,,,,,,,,,Flavor,Gummy Bear,https://vaapee0403.dongsir06.workers.dev/img/all_img/product/VAPLIQ_e_liquid/single_product/Gummy_Bear.webp,
,vapliq-e-liquid,VAPLIQ E-Liquid,,"Premium nicotine salt e-liquid, 10ml, 20mg.",published,https://vaapee0403.dongsir06.workers.dev/img/all_img/product/VAPLIQ_e_liquid/single_product/Blue_Razz_Ice.webp,,,,,,,,,,TRUE,,,,TRUE,,,Kiwi Berry Mango,VAPLIQ_e_liquid-kiwi-berry-mango,,FALSE,TRUE,,,,,,,,,,,Flavor,Kiwi Berry Mango,https://vaapee0403.dongsir06.workers.dev/img/all_img/product/VAPLIQ_e_liquid/single_product/Kiwi_Berry_Mango.webp,
,vapliq-e-liquid,VAPLIQ E-Liquid,,"Premium nicotine salt e-liquid, 10ml, 20mg.",published,https://vaapee0403.dongsir06.workers.dev/img/all_img/product/VAPLIQ_e_liquid/single_product/Blue_Razz_Ice.webp,,,,,,,,,,TRUE,,,,TRUE,,,KIWI PASSION FRUIT GUAVA,VAPLIQ_e_liquid-kiwi-passion-fruit-guava,,FALSE,TRUE,,,,,,,,,,,Flavor,KIWI PASSION FRUIT GUAVA,https://vaapee0403.dongsir06.workers.dev/img/all_img/product/VAPLIQ_e_liquid/single_product/KIWI_PASSION_FRUIT_GUAVA.webp,
,vapliq-e-liquid,VAPLIQ E-Liquid,,"Premium nicotine salt e-liquid, 10ml, 20mg.",published,https://vaapee0403.dongsir06.workers.dev/img/all_img/product/VAPLIQ_e_liquid/single_product/Blue_Razz_Ice.webp,,,,,,,,,,TRUE,,,,TRUE,,,Mixed Berries,VAPLIQ_e_liquid-mixed-berries,,FALSE,TRUE,,,,,,,,,,,Flavor,Mixed Berries,https://vaapee0403.dongsir06.workers.dev/img/all_img/product/VAPLIQ_e_liquid/single_product/Mixed_Berries.webp,
,vapliq-e-liquid,VAPLIQ E-Liquid,,"Premium nicotine salt e-liquid, 10ml, 20mg.",published,https://vaapee0403.dongsir06.workers.dev/img/all_img/product/VAPLIQ_e_liquid/single_product/Blue_Razz_Ice.webp,,,,,,,,,,TRUE,,,,TRUE,,,PEACE MANGO PINEAPPLE,VAPLIQ_e_liquid-peace-mango-pineapple,,FALSE,TRUE,,,,,,,,,,,Flavor,PEACE MANGO PINEAPPLE,https://vaapee0403.dongsir06.workers.dev/img/all_img/product/VAPLIQ_e_liquid/single_product/PEACE_MANGO_PINEAPPLE.webp,
,vapliq-e-liquid,VAPLIQ E-Liquid,,"Premium nicotine salt e-liquid, 10ml, 20mg.",published,https://vaapee0403.dongsir06.workers.dev/img/all_img/product/VAPLIQ_e_liquid/single_product/Blue_Razz_Ice.webp,,,,,,,,,,TRUE,,,,TRUE,,,Peach Ice,VAPLIQ_e_liquid-peach-ice,,FALSE,TRUE,,,,,,,,,,,Flavor,Peach Ice,https://vaapee0403.dongsir06.workers.dev/img/all_img/product/VAPLIQ_e_liquid/single_product/Peach_Ice.webp,
,vapliq-e-liquid,VAPLIQ E-Liquid,,"Premium nicotine salt e-liquid, 10ml, 20mg.",published,https://vaapee0403.dongsir06.workers.dev/img/all_img/product/VAPLIQ_e_liquid/single_product/Blue_Razz_Ice.webp,,,,,,,,,,TRUE,,,,TRUE,,,Straw Raspberry Cherry,VAPLIQ_e_liquid-straw-raspberry-cherry,,FALSE,TRUE,,,,,,,,,,,Flavor,Straw Raspberry Cherry,https://vaapee0403.dongsir06.workers.dev/img/all_img/product/VAPLIQ_e_liquid/single_product/Straw_Raspberry_Cherry.webp,
,vapliq-e-liquid,VAPLIQ E-Liquid,,"Premium nicotine salt e-liquid, 10ml, 20mg.",published,https://vaapee0403.dongsir06.workers.dev/img/all_img/product/VAPLIQ_e_liquid/single_product/Blue_Razz_Ice.webp,,,,,,,,,,TRUE,,,,TRUE,,,Strawberry Banana,VAPLIQ_e_liquid-strawberry-banana,,FALSE,TRUE,,,,,,,,,,,Flavor,Strawberry Banana,https://vaapee0403.dongsir06.workers.dev/img/all_img/product/VAPLIQ_e_liquid/single_product/Strawberry_Banana.webp,
,vapliq-e-liquid,VAPLIQ E-Liquid,,"Premium nicotine salt e-liquid, 10ml, 20mg.",published,https://vaapee0403.dongsir06.workers.dev/img/all_img/product/VAPLIQ_e_liquid/single_product/Blue_Razz_Ice.webp,,,,,,,,,,TRUE,,,,TRUE,,,Strawberry Ice,VAPLIQ_e_liquid-strawberry-ice,,FALSE,TRUE,,,,,,,,,,,Flavor,Strawberry Ice,https://vaapee0403.dongsir06.workers.dev/img/all_img/product/VAPLIQ_e_liquid/single_product/Strawberry_Ice.webp,
,vapliq-e-liquid,VAPLIQ E-Liquid,,"Premium nicotine salt e-liquid, 10ml, 20mg.",published,https://vaapee0403.dongsir06.workers.dev/img/all_img/product/VAPLIQ_e_liquid/single_product/Blue_Razz_Ice.webp,,,,,,,,,,TRUE,,,,TRUE,,,Strawberry Kiwi,VAPLIQ_e_liquid-strawberry-kiwi,,FALSE,TRUE,,,,,,,,,,,Flavor,Strawberry Kiwi,https://vaapee0403.dongsir06.workers.dev/img/all_img/product/VAPLIQ_e_liquid/single_product/Strawberry_Kiwi.webp,
,vapliq-e-liquid,VAPLIQ E-Liquid,,"Premium nicotine salt e-liquid, 10ml, 20mg.",published,https://vaapee0403.dongsir06.workers.dev/img/all_img/product/VAPLIQ_e_liquid/single_product/Blue_Razz_Ice.webp,,,,,,,,,,TRUE,,,,TRUE,,,Strawberry Watermelon,VAPLIQ_e_liquid-strawberry-watermelon,,FALSE,TRUE,,,,,,,,,,,Flavor,Strawberry Watermelon,https://vaapee0403.dongsir06.workers.dev/img/all_img/product/VAPLIQ_e_liquid/single_product/Strawberry_Watermelon.webp,
,vapliq-e-liquid,VAPLIQ E-Liquid,,"Premium nicotine salt e-liquid, 10ml, 20mg.",published,https://vaapee0403.dongsir06.workers.dev/img/all_img/product/VAPLIQ_e_liquid/single_product/Blue_Razz_Ice.webp,,,,,,,,,,TRUE,,,,TRUE,,,Triple Mango,VAPLIQ_e_liquid-triple-mango,,FALSE,TRUE,,,,,,,,,,,Flavor,Triple Mango,https://vaapee0403.dongsir06.workers.dev/img/all_img/product/VAPLIQ_e_liquid/single_product/Triple_Mango.webp,
,vapliq-e-liquid,VAPLIQ E-Liquid,,"Premium nicotine salt e-liquid, 10ml, 20mg.",published,https://vaapee0403.dongsir06.workers.dev/img/all_img/product/VAPLIQ_e_liquid/single_product/Blue_Razz_Ice.webp,,,,,,,,,,TRUE,,,,TRUE,,,Watermelon Ice,VAPLIQ_e_liquid-watermelon-ice,,FALSE,TRUE,,,,,,,,,,,Flavor,Watermelon Ice,https://vaapee0403.dongsir06.workers.dev/img/all_img/product/VAPLIQ_e_liquid/single_product/Watermelon_Ice.webp,
,vapanda-2-in-1-80k,VAPANDA 2 IN 1 80K,,Dual-flavor system disposable vape with 80K puffs.,published,https://vaapee0403.dongsir06.workers.dev/img/all_img/product/Vapanda_2_In_1_80K/single_product/Blue_Razz_Lemonade_Apple_Peach.webp,,,,,,,,,,TRUE,,,,TRUE,,,Blue Razz Lemonade Apple Peach,Vapanda_2_In_1_80K-blue-razz-lemonade-apple-peach,,FALSE,TRUE,,,,,,,,,,,Flavor,Blue Razz Lemonade Apple Peach,https://vaapee0403.dongsir06.workers.dev/img/all_img/product/Vapanda_2_In_1_80K/single_product/Blue_Razz_Lemonade_Apple_Peach.webp,
,vapanda-2-in-1-80k,VAPANDA 2 IN 1 80K,,Dual-flavor system disposable vape with 80K puffs.,published,https://vaapee0403.dongsir06.workers.dev/img/all_img/product/Vapanda_2_In_1_80K/single_product/Blue_Razz_Lemonade_Apple_Peach.webp,,,,,,,,,,TRUE,,,,TRUE,,,Blueberry Ice Mixed Berries,Vapanda_2_In_1_80K-blueberry-ice-mixed-berries,,FALSE,TRUE,,,,,,,,,,,Flavor,Blueberry Ice Mixed Berries,https://vaapee0403.dongsir06.workers.dev/img/all_img/product/Vapanda_2_In_1_80K/single_product/Blueberry_Ice_Mixed_Berries.webp,
,vapanda-2-in-1-80k,VAPANDA 2 IN 1 80K,,Dual-flavor system disposable vape with 80K puffs.,published,https://vaapee0403.dongsir06.workers.dev/img/all_img/product/Vapanda_2_In_1_80K/single_product/Blue_Razz_Lemonade_Apple_Peach.webp,,,,,,,,,,TRUE,,,,TRUE,,,Blueberry Mint Strawberry Raspberry Cherry,Vapanda_2_In_1_80K-blueberry-mint-strawberry-raspberry-cherry,,FALSE,TRUE,,,,,,,,,,,Flavor,Blueberry Mint Strawberry Raspberry Cherry,https://vaapee0403.dongsir06.workers.dev/img/all_img/product/Vapanda_2_In_1_80K/single_product/Blueberry_Mint_Strawberry_Raspberry_Cherry.webp,
,vapanda-2-in-1-80k,VAPANDA 2 IN 1 80K,,Dual-flavor system disposable vape with 80K puffs.,published,https://vaapee0403.dongsir06.workers.dev/img/all_img/product/Vapanda_2_In_1_80K/single_product/Blue_Razz_Lemonade_Apple_Peach.webp,,,,,,,,,,TRUE,,,,TRUE,,,Blueberry Watermelon Strawberry Watermelon,Vapanda_2_In_1_80K-blueberry-watermelon-strawberry-watermelon,,FALSE,TRUE,,,,,,,,,,,Flavor,Blueberry Watermelon Strawberry Watermelon,https://vaapee0403.dongsir06.workers.dev/img/all_img/product/Vapanda_2_In_1_80K/single_product/Blueberry_Watermelon_Strawberry_Watermelon.webp,
,vapanda-2-in-1-80k,VAPANDA 2 IN 1 80K,,Dual-flavor system disposable vape with 80K puffs.,published,https://vaapee0403.dongsir06.workers.dev/img/all_img/product/Vapanda_2_In_1_80K/single_product/Blue_Razz_Lemonade_Apple_Peach.webp,,,,,,,,,,TRUE,,,,TRUE,,,Double Apple Peach Ice,Vapanda_2_In_1_80K-double-apple-peach-ice,,FALSE,TRUE,,,,,,,,,,,Flavor,Double Apple Peach Ice,https://vaapee0403.dongsir06.workers.dev/img/all_img/product/Vapanda_2_In_1_80K/single_product/Double_Apple_Peach_Ice.webp,
,vapanda-2-in-1-80k,VAPANDA 2 IN 1 80K,,Dual-flavor system disposable vape with 80K puffs.,published,https://vaapee0403.dongsir06.workers.dev/img/all_img/product/Vapanda_2_In_1_80K/single_product/Blue_Razz_Lemonade_Apple_Peach.webp,,,,,,,,,,TRUE,,,,TRUE,,,Kiwi Passion Fruit Guava Sour Apple Blueberry,Vapanda_2_In_1_80K-kiwi-passion-fruit-guava-sour-apple-blueberry,,FALSE,TRUE,,,,,,,,,,,Flavor,Kiwi Passion Fruit Guava Sour Apple Blueberry,https://vaapee0403.dongsir06.workers.dev/img/all_img/product/Vapanda_2_In_1_80K/single_product/Kiwi_Passion_Fruit_Guava_Sour_Apple_Blueberry.webp,
,vapanda-2-in-1-80k,VAPANDA 2 IN 1 80K,,Dual-flavor system disposable vape with 80K puffs.,published,https://vaapee0403.dongsir06.workers.dev/img/all_img/product/Vapanda_2_In_1_80K/single_product/Blue_Razz_Lemonade_Apple_Peach.webp,,,,,,,,,,TRUE,,,,TRUE,,,Lemon Lime Peach Ice,Vapanda_2_In_1_80K-lemon-lime-peach-ice,,FALSE,TRUE,,,,,,,,,,,Flavor,Lemon Lime Peach Ice,https://vaapee0403.dongsir06.workers.dev/img/all_img/product/Vapanda_2_In_1_80K/single_product/Lemon_Lime_Peach_Ice.webp,
,vapanda-2-in-1-80k,VAPANDA 2 IN 1 80K,,Dual-flavor system disposable vape with 80K puffs.,published,https://vaapee0403.dongsir06.workers.dev/img/all_img/product/Vapanda_2_In_1_80K/single_product/Blue_Razz_Lemonade_Apple_Peach.webp,,,,,,,,,,TRUE,,,,TRUE,,,Peach Mango Watermelon Watermelon Ice,Vapanda_2_In_1_80K-peach-mango-watermelon-watermelon-ice,,FALSE,TRUE,,,,,,,,,,,Flavor,Peach Mango Watermelon Watermelon Ice,https://vaapee0403.dongsir06.workers.dev/img/all_img/product/Vapanda_2_In_1_80K/single_product/Peach_Mango_Watermelon_Watermelon_Ice.webp,
,vapanda-2-in-1-80k,VAPANDA 2 IN 1 80K,,Dual-flavor system disposable vape with 80K puffs.,published,https://vaapee0403.dongsir06.workers.dev/img/all_img/product/Vapanda_2_In_1_80K/single_product/Blue_Razz_Lemonade_Apple_Peach.webp,,,,,,,,,,TRUE,,,,TRUE,,,Red Bull Blue Razz Ice,Vapanda_2_In_1_80K-red-bull-blue-razz-ice,,FALSE,TRUE,,,,,,,,,,,Flavor,Red Bull Blue Razz Ice,https://vaapee0403.dongsir06.workers.dev/img/all_img/product/Vapanda_2_In_1_80K/single_product/Red_Bull_Blue_Razz_Ice.webp,
,vapanda-2-in-1-80k,VAPANDA 2 IN 1 80K,,Dual-flavor system disposable vape with 80K puffs.,published,https://vaapee0403.dongsir06.workers.dev/img/all_img/product/Vapanda_2_In_1_80K/single_product/Blue_Razz_Lemonade_Apple_Peach.webp,,,,,,,,,,TRUE,,,,TRUE,,,Red Energy Ice Cherry Cola,Vapanda_2_In_1_80K-red-energy-ice-cherry-cola,,FALSE,TRUE,,,,,,,,,,,Flavor,Red Energy Ice Cherry Cola,https://vaapee0403.dongsir06.workers.dev/img/all_img/product/Vapanda_2_In_1_80K/single_product/Red_Energy_Ice_Cherry_Cola.webp,
,vapanda-ultra-50k,VAPANDA ULTRA 50K,,Premium leather edition disposable vape with 50K puffs.,published,https://vaapee0403.dongsir06.workers.dev/img/all_img/product/Vapanda_Ultra_50K/single_product/BLUE_RASPBERRY_ICE.webp,,,,,,,,,,TRUE,,,,TRUE,,,BLUE RASPBERRY ICE,Vapanda_Ultra_50K-blue-raspberry-ice,,FALSE,TRUE,,,,,,,,,,,Flavor,BLUE RASPBERRY ICE,https://vaapee0403.dongsir06.workers.dev/img/all_img/product/Vapanda_Ultra_50K/single_product/BLUE_RASPBERRY_ICE.webp,
,vapanda-ultra-50k,VAPANDA ULTRA 50K,,Premium leather edition disposable vape with 50K puffs.,published,https://vaapee0403.dongsir06.workers.dev/img/all_img/product/Vapanda_Ultra_50K/single_product/BLUE_RASPBERRY_ICE.webp,,,,,,,,,,TRUE,,,,TRUE,,,KIWI PASSION FRUIT GUAVA,Vapanda_Ultra_50K-kiwi-passion-fruit-guava,,FALSE,TRUE,,,,,,,,,,,Flavor,KIWI PASSION FRUIT GUAVA,https://vaapee0403.dongsir06.workers.dev/img/all_img/product/Vapanda_Ultra_50K/single_product/KIWI_PASSION_FRUIT_GUAVA.webp,
,vapanda-ultra-50k,VAPANDA ULTRA 50K,,Premium leather edition disposable vape with 50K puffs.,published,https://vaapee0403.dongsir06.workers.dev/img/all_img/product/Vapanda_Ultra_50K/single_product/BLUE_RASPBERRY_ICE.webp,,,,,,,,,,TRUE,,,,TRUE,,,MIXED BERRIES,Vapanda_Ultra_50K-mixed-berries,,FALSE,TRUE,,,,,,,,,,,Flavor,MIXED BERRIES,https://vaapee0403.dongsir06.workers.dev/img/all_img/product/Vapanda_Ultra_50K/single_product/MIXED_BERRIES.webp,
,vapanda-ultra-50k,VAPANDA ULTRA 50K,,Premium leather edition disposable vape with 50K puffs.,published,https://vaapee0403.dongsir06.workers.dev/img/all_img/product/Vapanda_Ultra_50K/single_product/BLUE_RASPBERRY_ICE.webp,,,,,,,,,,TRUE,,,,TRUE,,,RASPBERRY WATERMELON,Vapanda_Ultra_50K-raspberry-watermelon,,FALSE,TRUE,,,,,,,,,,,Flavor,RASPBERRY WATERMELON,https://vaapee0403.dongsir06.workers.dev/img/all_img/product/Vapanda_Ultra_50K/single_product/RASPBERRY_WATERMELON.webp,
,vapanda-ultra-50k,VAPANDA ULTRA 50K,,Premium leather edition disposable vape with 50K puffs.,published,https://vaapee0403.dongsir06.workers.dev/img/all_img/product/Vapanda_Ultra_50K/single_product/BLUE_RASPBERRY_ICE.webp,,,,,,,,,,TRUE,,,,TRUE,,,RED BULL,Vapanda_Ultra_50K-red-bull,,FALSE,TRUE,,,,,,,,,,,Flavor,RED BULL,https://vaapee0403.dongsir06.workers.dev/img/all_img/product/Vapanda_Ultra_50K/single_product/RED_BULL.webp,
,vapanda-ultra-50k,VAPANDA ULTRA 50K,,Premium leather edition disposable vape with 50K puffs.,published,https://vaapee0403.dongsir06.workers.dev/img/all_img/product/Vapanda_Ultra_50K/single_product/BLUE_RASPBERRY_ICE.webp,,,,,,,,,,TRUE,,,,TRUE,,,SOUR APPLE BLUEBERRY,Vapanda_Ultra_50K-sour-apple-blueberry,,FALSE,TRUE,,,,,,,,,,,Flavor,SOUR APPLE BLUEBERRY,https://vaapee0403.dongsir06.workers.dev/img/all_img/product/Vapanda_Ultra_50K/single_product/SOUR_APPLE_BLUEBERRY.webp,
,vapanda-ultra-50k,VAPANDA ULTRA 50K,,Premium leather edition disposable vape with 50K puffs.,published,https://vaapee0403.dongsir06.workers.dev/img/all_img/product/Vapanda_Ultra_50K/single_product/BLUE_RASPBERRY_ICE.webp,,,,,,,,,,TRUE,,,,TRUE,,,STRAWBERRY ICE,Vapanda_Ultra_50K-strawberry-ice,,FALSE,TRUE,,,,,,,,,,,Flavor,STRAWBERRY ICE,https://vaapee0403.dongsir06.workers.dev/img/all_img/product/Vapanda_Ultra_50K/single_product/STRAWBERRY_ICE.webp,
,vapanda-ultra-50k,VAPANDA ULTRA 50K,,Premium leather edition disposable vape with 50K puffs.,published,https://vaapee0403.dongsir06.workers.dev/img/all_img/product/Vapanda_Ultra_50K/single_product/BLUE_RASPBERRY_ICE.webp,,,,,,,,,,TRUE,,,,TRUE,,,STRAWBERRY KIWI,Vapanda_Ultra_50K-strawberry-kiwi,,FALSE,TRUE,,,,,,,,,,,Flavor,STRAWBERRY KIWI,https://vaapee0403.dongsir06.workers.dev/img/all_img/product/Vapanda_Ultra_50K/single_product/STRAWBERRY_KIWI.webp,
,vapanda-ultra-50k,VAPANDA ULTRA 50K,,Premium leather edition disposable vape with 50K puffs.,published,https://vaapee0403.dongsir06.workers.dev/img/all_img/product/Vapanda_Ultra_50K/single_product/BLUE_RASPBERRY_ICE.webp,,,,,,,,,,TRUE,,,,TRUE,,,STRAWBERRY RASPBERRY CHERRY,Vapanda_Ultra_50K-strawberry-raspberry-cherry,,FALSE,TRUE,,,,,,,,,,,Flavor,STRAWBERRY RASPBERRY CHERRY,https://vaapee0403.dongsir06.workers.dev/img/all_img/product/Vapanda_Ultra_50K/single_product/STRAWBERRY_RASPBERRY_CHERRY.webp,
,vapanda-ultra-50k,VAPANDA ULTRA 50K,,Premium leather edition disposable vape with 50K puffs.,published,https://vaapee0403.dongsir06.workers.dev/img/all_img/product/Vapanda_Ultra_50K/single_product/BLUE_RASPBERRY_ICE.webp,,,,,,,,,,TRUE,,,,TRUE,,,WATERMELON ICE,Vapanda_Ultra_50K-watermelon-ice,,FALSE,TRUE,,,,,,,,,,,Flavor,WATERMELON ICE,https://vaapee0403.dongsir06.workers.dev/img/all_img/product/Vapanda_Ultra_50K/single_product/WATERMELON_ICE.webp,
,vaapee-double-45k,VAAPEE DOUBLE 45K,,Dual flavor rechargeable disposable vape with 45K puffs.,published,https://vaapee0403.dongsir06.workers.dev/img/all_img/product/VAAPEE_DOUBLE_45K/front/BLUEBERRY_WATERMELON_STRAWBERRY_MANGO.webp,,,,,,,,,,TRUE,,,,TRUE,,,BLUEBERRY WATERMELON STRAWBERRY MANGO,VAAPEE_DOUBLE_45K-blueberry-watermelon-strawberry-mango,,FALSE,TRUE,,,,,,,,,,,Flavor,BLUEBERRY WATERMELON STRAWBERRY MANGO,https://vaapee0403.dongsir06.workers.dev/img/all_img/product/VAAPEE_DOUBLE_45K/front/BLUEBERRY_WATERMELON_STRAWBERRY_MANGO.webp,
,vaapee-double-45k,VAAPEE DOUBLE 45K,,Dual flavor rechargeable disposable vape with 45K puffs.,published,https://vaapee0403.dongsir06.workers.dev/img/all_img/product/VAAPEE_DOUBLE_45K/front/BLUEBERRY_WATERMELON_STRAWBERRY_MANGO.webp,,,,,,,,,,TRUE,,,,TRUE,,,CHERRY COLA WATERMELON ICE,VAAPEE_DOUBLE_45K-cherry-cola-watermelon-ice,,FALSE,TRUE,,,,,,,,,,,Flavor,CHERRY COLA WATERMELON ICE,https://vaapee0403.dongsir06.workers.dev/img/all_img/product/VAAPEE_DOUBLE_45K/front/CHERRY_COLA_WATERMELON_ICE.webp,
,vaapee-double-45k,VAAPEE DOUBLE 45K,,Dual flavor rechargeable disposable vape with 45K puffs.,published,https://vaapee0403.dongsir06.workers.dev/img/all_img/product/VAAPEE_DOUBLE_45K/front/BLUEBERRY_WATERMELON_STRAWBERRY_MANGO.webp,,,,,,,,,,TRUE,,,,TRUE,,,DOUBLE APPLE ICE STRAWBERRY DRAGONFRUIT,VAAPEE_DOUBLE_45K-double-apple-ice-strawberry-dragonfruit,,FALSE,TRUE,,,,,,,,,,,Flavor,DOUBLE APPLE ICE STRAWBERRY DRAGONFRUIT,https://vaapee0403.dongsir06.workers.dev/img/all_img/product/VAAPEE_DOUBLE_45K/front/DOUBLE_APPLE_ICE_STRAWBERRY_DRAGONFRUIT.webp,
,vaapee-double-45k,VAAPEE DOUBLE 45K,,Dual flavor rechargeable disposable vape with 45K puffs.,published,https://vaapee0403.dongsir06.workers.dev/img/all_img/product/VAAPEE_DOUBLE_45K/front/BLUEBERRY_WATERMELON_STRAWBERRY_MANGO.webp,,,,,,,,,,TRUE,,,,TRUE,,,GUMMY BEAR RAINBOW CANDY,VAAPEE_DOUBLE_45K-gummy-bear-rainbow-candy,,FALSE,TRUE,,,,,,,,,,,Flavor,GUMMY BEAR RAINBOW CANDY,https://vaapee0403.dongsir06.workers.dev/img/all_img/product/VAAPEE_DOUBLE_45K/front/GUMMY_BEAR_RAINBOW_CANDY.webp,
,vaapee-double-45k,VAAPEE DOUBLE 45K,,Dual flavor rechargeable disposable vape with 45K puffs.,published,https://vaapee0403.dongsir06.workers.dev/img/all_img/product/VAAPEE_DOUBLE_45K/front/BLUEBERRY_WATERMELON_STRAWBERRY_MANGO.webp,,,,,,,,,,TRUE,,,,TRUE,,,KIWI PASSION FRUIT GUAVA BLUEBERRY ICE,VAAPEE_DOUBLE_45K-kiwi-passion-fruit-guava-blueberry-ice,,FALSE,TRUE,,,,,,,,,,,Flavor,KIWI PASSION FRUIT GUAVA BLUEBERRY ICE,https://vaapee0403.dongsir06.workers.dev/img/all_img/product/VAAPEE_DOUBLE_45K/front/KIWI_PASSION_FRUIT_GUAVA_BLUEBERRY_ICE.webp,
,vaapee-double-45k,VAAPEE DOUBLE 45K,,Dual flavor rechargeable disposable vape with 45K puffs.,published,https://vaapee0403.dongsir06.workers.dev/img/all_img/product/VAAPEE_DOUBLE_45K/front/BLUEBERRY_WATERMELON_STRAWBERRY_MANGO.webp,,,,,,,,,,TRUE,,,,TRUE,,,RED BULL BLUEBERRY WATERMELON,VAAPEE_DOUBLE_45K-red-bull-blueberry-watermelon,,FALSE,TRUE,,,,,,,,,,,Flavor,RED BULL BLUEBERRY WATERMELON,https://vaapee0403.dongsir06.workers.dev/img/all_img/product/VAAPEE_DOUBLE_45K/front/RED_BULL_BLUEBERRY_WATERMELON.webp,
,vaapee-double-45k,VAAPEE DOUBLE 45K,,Dual flavor rechargeable disposable vape with 45K puffs.,published,https://vaapee0403.dongsir06.workers.dev/img/all_img/product/VAAPEE_DOUBLE_45K/front/BLUEBERRY_WATERMELON_STRAWBERRY_MANGO.webp,,,,,,,,,,TRUE,,,,TRUE,,,STRAWBERRY RASPBERRY CHERRY ICE BLUEBERRY MINT,VAAPEE_DOUBLE_45K-strawberry-raspberry-cherry-ice-blueberry-mint,,FALSE,TRUE,,,,,,,,,,,Flavor,STRAWBERRY RASPBERRY CHERRY ICE BLUEBERRY MINT,https://vaapee0403.dongsir06.workers.dev/img/all_img/product/VAAPEE_DOUBLE_45K/front/STRAWBERRY_RASPBERRY_CHERRY_ICE_BLUEBERRY_MINT.webp,
,vaapee-double-45k,VAAPEE DOUBLE 45K,,Dual flavor rechargeable disposable vape with 45K puffs.,published,https://vaapee0403.dongsir06.workers.dev/img/all_img/product/VAAPEE_DOUBLE_45K/front/BLUEBERRY_WATERMELON_STRAWBERRY_MANGO.webp,,,,,,,,,,TRUE,,,,TRUE,,,STRAWBERRY RASPBERRY CHERRY ICE GRAPE ICE,VAAPEE_DOUBLE_45K-strawberry-raspberry-cherry-ice-grape-ice,,FALSE,TRUE,,,,,,,,,,,Flavor,STRAWBERRY RASPBERRY CHERRY ICE GRAPE ICE,https://vaapee0403.dongsir06.workers.dev/img/all_img/product/VAAPEE_DOUBLE_45K/front/STRAWBERRY_RASPBERRY_CHERRY_ICE_GRAPE_ICE.webp,
,vaapee-double-45k,VAAPEE DOUBLE 45K,,Dual flavor rechargeable disposable vape with 45K puffs.,published,https://vaapee0403.dongsir06.workers.dev/img/all_img/product/VAAPEE_DOUBLE_45K/front/BLUEBERRY_WATERMELON_STRAWBERRY_MANGO.webp,,,,,,,,,,TRUE,,,,TRUE,,,STRAWBERRY WATERMELON COLA ICE,VAAPEE_DOUBLE_45K-strawberry-watermelon-cola-ice,,FALSE,TRUE,,,,,,,,,,,Flavor,STRAWBERRY WATERMELON COLA ICE,https://vaapee0403.dongsir06.workers.dev/img/all_img/product/VAAPEE_DOUBLE_45K/front/STRAWBERRY_WATERMELON_COLA_ICE.webp,
,vaapee-double-45k,VAAPEE DOUBLE 45K,,Dual flavor rechargeable disposable vape with 45K puffs.,published,https://vaapee0403.dongsir06.workers.dev/img/all_img/product/VAAPEE_DOUBLE_45K/front/BLUEBERRY_WATERMELON_STRAWBERRY_MANGO.webp,,,,,,,,,,TRUE,,,,TRUE,,,TRIPLE MELON PINEAPPLE COCONUT,VAAPEE_DOUBLE_45K-triple-melon-pineapple-coconut,,FALSE,TRUE,,,,,,,,,,,Flavor,TRIPLE MELON PINEAPPLE COCONUT,https://vaapee0403.dongsir06.workers.dev/img/all_img/product/VAAPEE_DOUBLE_45K/front/TRIPLE_MELON_PINEAPPLE_COCONUT.webp,
,vaapee-x-30k,VAAPEE X 30K,,Rechargeable disposable vape with 30K puffs.,published,https://vaapee0403.dongsir06.workers.dev/img/all_img/product/VAAPEE_X_30K/single_product/Blue_Razz_Ice.webp,,,,,,,,,,TRUE,,,,TRUE,,,Blue Razz Ice,VAAPEE_X_30K-blue-razz-ice,,FALSE,TRUE,,,,,,,,,,,Flavor,Blue Razz Ice,https://vaapee0403.dongsir06.workers.dev/img/all_img/product/VAAPEE_X_30K/single_product/Blue_Razz_Ice.webp,
,vaapee-x-30k,VAAPEE X 30K,,Rechargeable disposable vape with 30K puffs.,published,https://vaapee0403.dongsir06.workers.dev/img/all_img/product/VAAPEE_X_30K/single_product/Blue_Razz_Ice.webp,,,,,,,,,,TRUE,,,,TRUE,,,BlueBerry Ice,VAAPEE_X_30K-blueberry-ice,,FALSE,TRUE,,,,,,,,,,,Flavor,BlueBerry Ice,https://vaapee0403.dongsir06.workers.dev/img/all_img/product/VAAPEE_X_30K/single_product/BlueBerry_Ice.webp,
,vaapee-x-30k,VAAPEE X 30K,,Rechargeable disposable vape with 30K puffs.,published,https://vaapee0403.dongsir06.workers.dev/img/all_img/product/VAAPEE_X_30K/single_product/Blue_Razz_Ice.webp,,,,,,,,,,TRUE,,,,TRUE,,,Cola Ice,VAAPEE_X_30K-cola-ice,,FALSE,TRUE,,,,,,,,,,,Flavor,Cola Ice,https://vaapee0403.dongsir06.workers.dev/img/all_img/product/VAAPEE_X_30K/single_product/Cola_Ice.webp,
,vaapee-x-30k,VAAPEE X 30K,,Rechargeable disposable vape with 30K puffs.,published,https://vaapee0403.dongsir06.workers.dev/img/all_img/product/VAAPEE_X_30K/single_product/Blue_Razz_Ice.webp,,,,,,,,,,TRUE,,,,TRUE,,,Double apple,VAAPEE_X_30K-double-apple,,FALSE,TRUE,,,,,,,,,,,Flavor,Double apple,https://vaapee0403.dongsir06.workers.dev/img/all_img/product/VAAPEE_X_30K/single_product/Double_apple.webp,
,vaapee-x-30k,VAAPEE X 30K,,Rechargeable disposable vape with 30K puffs.,published,https://vaapee0403.dongsir06.workers.dev/img/all_img/product/VAAPEE_X_30K/single_product/Blue_Razz_Ice.webp,,,,,,,,,,TRUE,,,,TRUE,,,Fruit Gum,VAAPEE_X_30K-fruit-gum,,FALSE,TRUE,,,,,,,,,,,Flavor,Fruit Gum,https://vaapee0403.dongsir06.workers.dev/img/all_img/product/VAAPEE_X_30K/single_product/Fruit_Gum.webp,
,vaapee-x-30k,VAAPEE X 30K,,Rechargeable disposable vape with 30K puffs.,published,https://vaapee0403.dongsir06.workers.dev/img/all_img/product/VAAPEE_X_30K/single_product/Blue_Razz_Ice.webp,,,,,,,,,,TRUE,,,,TRUE,,,grape ice,VAAPEE_X_30K-grape-ice,,FALSE,TRUE,,,,,,,,,,,Flavor,grape ice,https://vaapee0403.dongsir06.workers.dev/img/all_img/product/VAAPEE_X_30K/single_product/grape_ice.webp,
,vaapee-x-30k,VAAPEE X 30K,,Rechargeable disposable vape with 30K puffs.,published,https://vaapee0403.dongsir06.workers.dev/img/all_img/product/VAAPEE_X_30K/single_product/Blue_Razz_Ice.webp,,,,,,,,,,TRUE,,,,TRUE,,,Kiwi Passion Fruit,VAAPEE_X_30K-kiwi-passion-fruit,,FALSE,TRUE,,,,,,,,,,,Flavor,Kiwi Passion Fruit,https://vaapee0403.dongsir06.workers.dev/img/all_img/product/VAAPEE_X_30K/single_product/Kiwi_Passion_Fruit.webp,
,vaapee-x-30k,VAAPEE X 30K,,Rechargeable disposable vape with 30K puffs.,published,https://vaapee0403.dongsir06.workers.dev/img/all_img/product/VAAPEE_X_30K/single_product/Blue_Razz_Ice.webp,,,,,,,,,,TRUE,,,,TRUE,,,lush ice,VAAPEE_X_30K-lush-ice,,FALSE,TRUE,,,,,,,,,,,Flavor,lush ice,https://vaapee0403.dongsir06.workers.dev/img/all_img/product/VAAPEE_X_30K/single_product/lush_ice.webp,
,vaapee-x-30k,VAAPEE X 30K,,Rechargeable disposable vape with 30K puffs.,published,https://vaapee0403.dongsir06.workers.dev/img/all_img/product/VAAPEE_X_30K/single_product/Blue_Razz_Ice.webp,,,,,,,,,,TRUE,,,,TRUE,,,Monster Drink,VAAPEE_X_30K-monster-drink,,FALSE,TRUE,,,,,,,,,,,Flavor,Monster Drink,https://vaapee0403.dongsir06.workers.dev/img/all_img/product/VAAPEE_X_30K/single_product/Monster_Drink.webp,
,vaapee-x-30k,VAAPEE X 30K,,Rechargeable disposable vape with 30K puffs.,published,https://vaapee0403.dongsir06.workers.dev/img/all_img/product/VAAPEE_X_30K/single_product/Blue_Razz_Ice.webp,,,,,,,,,,TRUE,,,,TRUE,,,Peach Ice,VAAPEE_X_30K-peach-ice,,FALSE,TRUE,,,,,,,,,,,Flavor,Peach Ice,https://vaapee0403.dongsir06.workers.dev/img/all_img/product/VAAPEE_X_30K/single_product/Peach_Ice.webp,
,vaapee-x-30k,VAAPEE X 30K,,Rechargeable disposable vape with 30K puffs.,published,https://vaapee0403.dongsir06.workers.dev/img/all_img/product/VAAPEE_X_30K/single_product/Blue_Razz_Ice.webp,,,,,,,,,,TRUE,,,,TRUE,,,Pina colada,VAAPEE_X_30K-pina-colada,,FALSE,TRUE,,,,,,,,,,,Flavor,Pina colada,https://vaapee0403.dongsir06.workers.dev/img/all_img/product/VAAPEE_X_30K/single_product/Pina_colada.webp,
,vaapee-x-30k,VAAPEE X 30K,,Rechargeable disposable vape with 30K puffs.,published,https://vaapee0403.dongsir06.workers.dev/img/all_img/product/VAAPEE_X_30K/single_product/Blue_Razz_Ice.webp,,,,,,,,,,TRUE,,,,TRUE,,,Strawberry Watermelon,VAAPEE_X_30K-strawberry-watermelon,,FALSE,TRUE,,,,,,,,,,,Flavor,Strawberry Watermelon,https://vaapee0403.dongsir06.workers.dev/img/all_img/product/VAAPEE_X_30K/single_product/Strawberry_Watermelon.webp,
,vapanda-pro-40k,VAPANDA PRO 40K,,Full-screen display disposable vape with 40K puffs.,published,https://vaapee0403.dongsir06.workers.dev/img/all_img/product/VAPANDA_PRO_40K/single_product/BLUE_RAZZ_LEMONADE.webp,,,,,,,,,,TRUE,,,,TRUE,,,BLUE RAZZ LEMONADE,VAPANDA_PRO_40K-blue-razz-lemonade,,FALSE,TRUE,,,,,,,,,,,Flavor,BLUE RAZZ LEMONADE,https://vaapee0403.dongsir06.workers.dev/img/all_img/product/VAPANDA_PRO_40K/single_product/BLUE_RAZZ_LEMONADE.webp,
,vapanda-pro-40k,VAPANDA PRO 40K,,Full-screen display disposable vape with 40K puffs.,published,https://vaapee0403.dongsir06.workers.dev/img/all_img/product/VAPANDA_PRO_40K/single_product/BLUE_RAZZ_LEMONADE.webp,,,,,,,,,,TRUE,,,,TRUE,,,BLUEBERRY ICE,VAPANDA_PRO_40K-blueberry-ice,,FALSE,TRUE,,,,,,,,,,,Flavor,BLUEBERRY ICE,https://vaapee0403.dongsir06.workers.dev/img/all_img/product/VAPANDA_PRO_40K/single_product/BLUEBERRY_ICE.webp,
,vapanda-pro-40k,VAPANDA PRO 40K,,Full-screen display disposable vape with 40K puffs.,published,https://vaapee0403.dongsir06.workers.dev/img/all_img/product/VAPANDA_PRO_40K/single_product/BLUE_RAZZ_LEMONADE.webp,,,,,,,,,,TRUE,,,,TRUE,,,CHERRY COLA ICE,VAPANDA_PRO_40K-cherry-cola-ice,,FALSE,TRUE,,,,,,,,,,,Flavor,CHERRY COLA ICE,https://vaapee0403.dongsir06.workers.dev/img/all_img/product/VAPANDA_PRO_40K/single_product/CHERRY_COLA_ICE.webp,
,vapanda-pro-40k,VAPANDA PRO 40K,,Full-screen display disposable vape with 40K puffs.,published,https://vaapee0403.dongsir06.workers.dev/img/all_img/product/VAPANDA_PRO_40K/single_product/BLUE_RAZZ_LEMONADE.webp,,,,,,,,,,TRUE,,,,TRUE,,,GRAPE ICE,VAPANDA_PRO_40K-grape-ice,,FALSE,TRUE,,,,,,,,,,,Flavor,GRAPE ICE,https://vaapee0403.dongsir06.workers.dev/img/all_img/product/VAPANDA_PRO_40K/single_product/GRAPE_ICE.webp,
,vapanda-pro-40k,VAPANDA PRO 40K,,Full-screen display disposable vape with 40K puffs.,published,https://vaapee0403.dongsir06.workers.dev/img/all_img/product/VAPANDA_PRO_40K/single_product/BLUE_RAZZ_LEMONADE.webp,,,,,,,,,,TRUE,,,,TRUE,,,KIWI PASSION FRUIT GUAVA,VAPANDA_PRO_40K-kiwi-passion-fruit-guava,,FALSE,TRUE,,,,,,,,,,,Flavor,KIWI PASSION FRUIT GUAVA,https://vaapee0403.dongsir06.workers.dev/img/all_img/product/VAPANDA_PRO_40K/single_product/KIWI_PASSION_FRUIT_GUAVA.webp,
,vapanda-pro-40k,VAPANDA PRO 40K,,Full-screen display disposable vape with 40K puffs.,published,https://vaapee0403.dongsir06.workers.dev/img/all_img/product/VAPANDA_PRO_40K/single_product/BLUE_RAZZ_LEMONADE.webp,,,,,,,,,,TRUE,,,,TRUE,,,MIXED BERRIES,VAPANDA_PRO_40K-mixed-berries,,FALSE,TRUE,,,,,,,,,,,Flavor,MIXED BERRIES,https://vaapee0403.dongsir06.workers.dev/img/all_img/product/VAPANDA_PRO_40K/single_product/MIXED_BERRIES.webp,
,vapanda-pro-40k,VAPANDA PRO 40K,,Full-screen display disposable vape with 40K puffs.,published,https://vaapee0403.dongsir06.workers.dev/img/all_img/product/VAPANDA_PRO_40K/single_product/BLUE_RAZZ_LEMONADE.webp,,,,,,,,,,TRUE,,,,TRUE,,,PEACH MANGO WATERMELON,VAPANDA_PRO_40K-peach-mango-watermelon,,FALSE,TRUE,,,,,,,,,,,Flavor,PEACH MANGO WATERMELON,https://vaapee0403.dongsir06.workers.dev/img/all_img/product/VAPANDA_PRO_40K/single_product/PEACH_MANGO_WATERMELON.webp,
,vapanda-pro-40k,VAPANDA PRO 40K,,Full-screen display disposable vape with 40K puffs.,published,https://vaapee0403.dongsir06.workers.dev/img/all_img/product/VAPANDA_PRO_40K/single_product/BLUE_RAZZ_LEMONADE.webp,,,,,,,,,,TRUE,,,,TRUE,,,RED BULL,VAPANDA_PRO_40K-red-bull,,FALSE,TRUE,,,,,,,,,,,Flavor,RED BULL,https://vaapee0403.dongsir06.workers.dev/img/all_img/product/VAPANDA_PRO_40K/single_product/RED_BULL.webp,
,vapanda-pro-40k,VAPANDA PRO 40K,,Full-screen display disposable vape with 40K puffs.,published,https://vaapee0403.dongsir06.workers.dev/img/all_img/product/VAPANDA_PRO_40K/single_product/BLUE_RAZZ_LEMONADE.webp,,,,,,,,,,TRUE,,,,TRUE,,,STRAWBEERY BANANA,VAPANDA_PRO_40K-strawbeery-banana,,FALSE,TRUE,,,,,,,,,,,Flavor,STRAWBEERY BANANA,https://vaapee0403.dongsir06.workers.dev/img/all_img/product/VAPANDA_PRO_40K/single_product/STRAWBEERY_BANANA.webp,
,vapanda-pro-40k,VAPANDA PRO 40K,,Full-screen display disposable vape with 40K puffs.,published,https://vaapee0403.dongsir06.workers.dev/img/all_img/product/VAPANDA_PRO_40K/single_product/BLUE_RAZZ_LEMONADE.webp,,,,,,,,,,TRUE,,,,TRUE,,,STRAWBERRY RASPBERRY CHERRY,VAPANDA_PRO_40K-strawberry-raspberry-cherry,,FALSE,TRUE,,,,,,,,,,,Flavor,STRAWBERRY RASPBERRY CHERRY,https://vaapee0403.dongsir06.workers.dev/img/all_img/product/VAPANDA_PRO_40K/single_product/STRAWBERRY_RASPBERRY_CHERRY.webp,
,vapanda-pro-40k,VAPANDA PRO 40K,,Full-screen display disposable vape with 40K puffs.,published,https://vaapee0403.dongsir06.workers.dev/img/all_img/product/VAPANDA_PRO_40K/single_product/BLUE_RAZZ_LEMONADE.webp,,,,,,,,,,TRUE,,,,TRUE,,,STRAWBERRY WATERMELON,VAPANDA_PRO_40K-strawberry-watermelon,,FALSE,TRUE,,,,,,,,,,,Flavor,STRAWBERRY WATERMELON,https://vaapee0403.dongsir06.workers.dev/img/all_img/product/VAPANDA_PRO_40K/single_product/STRAWBERRY_WATERMELON.webp,
,vapanda-pro-40k,VAPANDA PRO 40K,,Full-screen display disposable vape with 40K puffs.,published,https://vaapee0403.dongsir06.workers.dev/img/all_img/product/VAPANDA_PRO_40K/single_product/BLUE_RAZZ_LEMONADE.webp,,,,,,,,,,TRUE,,,,TRUE,,,WATERMELON ICE,VAPANDA_PRO_40K-watermelon-ice,,FALSE,TRUE,,,,,,,,,,,Flavor,WATERMELON ICE,https://vaapee0403.dongsir06.workers.dev/img/all_img/product/VAPANDA_PRO_40K/single_product/WATERMELON_ICE.webp,
,vaapee-tornado-25k,VAAPEE TORNADO 25K,,Classic style disposable vape with 25K puffs.,published,https://vaapee0403.dongsir06.workers.dev/img/all_img/product/Vaapee_Tornado_25K/single_product/Blue_Raspberry_Ice.webp,,,,,,,,,,TRUE,,,,TRUE,,,Blue Raspberry Ice,Vaapee_Tornado_25K-blue-raspberry-ice,,FALSE,TRUE,,,,,,,,,,,Flavor,Blue Raspberry Ice,https://vaapee0403.dongsir06.workers.dev/img/all_img/product/Vaapee_Tornado_25K/single_product/Blue_Raspberry_Ice.webp,
,vaapee-tornado-25k,VAAPEE TORNADO 25K,,Classic style disposable vape with 25K puffs.,published,https://vaapee0403.dongsir06.workers.dev/img/all_img/product/Vaapee_Tornado_25K/single_product/Blue_Raspberry_Ice.webp,,,,,,,,,,TRUE,,,,TRUE,,,Blueberry Ice,Vaapee_Tornado_25K-blueberry-ice,,FALSE,TRUE,,,,,,,,,,,Flavor,Blueberry Ice,https://vaapee0403.dongsir06.workers.dev/img/all_img/product/Vaapee_Tornado_25K/single_product/Blueberry_Ice.webp,
,vaapee-tornado-25k,VAAPEE TORNADO 25K,,Classic style disposable vape with 25K puffs.,published,https://vaapee0403.dongsir06.workers.dev/img/all_img/product/Vaapee_Tornado_25K/single_product/Blue_Raspberry_Ice.webp,,,,,,,,,,TRUE,,,,TRUE,,,Blueberry Orange gummy,Vaapee_Tornado_25K-blueberry-orange-gummy,,FALSE,TRUE,,,,,,,,,,,Flavor,Blueberry Orange gummy,https://vaapee0403.dongsir06.workers.dev/img/all_img/product/Vaapee_Tornado_25K/single_product/Blueberry_Orange_gummy.webp,
,vaapee-tornado-25k,VAAPEE TORNADO 25K,,Classic style disposable vape with 25K puffs.,published,https://vaapee0403.dongsir06.workers.dev/img/all_img/product/Vaapee_Tornado_25K/single_product/Blue_Raspberry_Ice.webp,,,,,,,,,,TRUE,,,,TRUE,,,Cherry Cola,Vaapee_Tornado_25K-cherry-cola,,FALSE,TRUE,,,,,,,,,,,Flavor,Cherry Cola,https://vaapee0403.dongsir06.workers.dev/img/all_img/product/Vaapee_Tornado_25K/single_product/Cherry_Cola.webp,
,vaapee-tornado-25k,VAAPEE TORNADO 25K,,Classic style disposable vape with 25K puffs.,published,https://vaapee0403.dongsir06.workers.dev/img/all_img/product/Vaapee_Tornado_25K/single_product/Blue_Raspberry_Ice.webp,,,,,,,,,,TRUE,,,,TRUE,,,Kiwi Berry Mango,Vaapee_Tornado_25K-kiwi-berry-mango,,FALSE,TRUE,,,,,,,,,,,Flavor,Kiwi Berry Mango,https://vaapee0403.dongsir06.workers.dev/img/all_img/product/Vaapee_Tornado_25K/single_product/Kiwi_Berry_Mango.webp,
,vaapee-tornado-25k,VAAPEE TORNADO 25K,,Classic style disposable vape with 25K puffs.,published,https://vaapee0403.dongsir06.workers.dev/img/all_img/product/Vaapee_Tornado_25K/single_product/Blue_Raspberry_Ice.webp,,,,,,,,,,TRUE,,,,TRUE,,,Kiwi Passion Fruit Guava,Vaapee_Tornado_25K-kiwi-passion-fruit-guava,,FALSE,TRUE,,,,,,,,,,,Flavor,Kiwi Passion Fruit Guava,https://vaapee0403.dongsir06.workers.dev/img/all_img/product/Vaapee_Tornado_25K/single_product/Kiwi_Passion_Fruit_Guava.webp,
,vaapee-tornado-25k,VAAPEE TORNADO 25K,,Classic style disposable vape with 25K puffs.,published,https://vaapee0403.dongsir06.workers.dev/img/all_img/product/Vaapee_Tornado_25K/single_product/Blue_Raspberry_Ice.webp,,,,,,,,,,TRUE,,,,TRUE,,,Lemone Bubble Gum,Vaapee_Tornado_25K-lemone-bubble-gum,,FALSE,TRUE,,,,,,,,,,,Flavor,Lemone Bubble Gum,https://vaapee0403.dongsir06.workers.dev/img/all_img/product/Vaapee_Tornado_25K/single_product/Lemone_Bubble_Gum.webp,
,vaapee-tornado-25k,VAAPEE TORNADO 25K,,Classic style disposable vape with 25K puffs.,published,https://vaapee0403.dongsir06.workers.dev/img/all_img/product/Vaapee_Tornado_25K/single_product/Blue_Raspberry_Ice.webp,,,,,,,,,,TRUE,,,,TRUE,,,Peach Ice,Vaapee_Tornado_25K-peach-ice,,FALSE,TRUE,,,,,,,,,,,Flavor,Peach Ice,https://vaapee0403.dongsir06.workers.dev/img/all_img/product/Vaapee_Tornado_25K/single_product/Peach_Ice.webp,
,vaapee-tornado-25k,VAAPEE TORNADO 25K,,Classic style disposable vape with 25K puffs.,published,https://vaapee0403.dongsir06.workers.dev/img/all_img/product/Vaapee_Tornado_25K/single_product/Blue_Raspberry_Ice.webp,,,,,,,,,,TRUE,,,,TRUE,,,Red BERRIES,Vaapee_Tornado_25K-red-berries,,FALSE,TRUE,,,,,,,,,,,Flavor,Red BERRIES,https://vaapee0403.dongsir06.workers.dev/img/all_img/product/Vaapee_Tornado_25K/single_product/Red_BERRIES.webp,
,vaapee-tornado-25k,VAAPEE TORNADO 25K,,Classic style disposable vape with 25K puffs.,published,https://vaapee0403.dongsir06.workers.dev/img/all_img/product/Vaapee_Tornado_25K/single_product/Blue_Raspberry_Ice.webp,,,,,,,,,,TRUE,,,,TRUE,,,Strawberry Raspberry Cherry,Vaapee_Tornado_25K-strawberry-raspberry-cherry,,FALSE,TRUE,,,,,,,,,,,Flavor,Strawberry Raspberry Cherry,https://vaapee0403.dongsir06.workers.dev/img/all_img/product/Vaapee_Tornado_25K/single_product/Strawberry_Raspberry_Cherry.webp,
,vaapee-tornado-25k,VAAPEE TORNADO 25K,,Classic style disposable vape with 25K puffs.,published,https://vaapee0403.dongsir06.workers.dev/img/all_img/product/Vaapee_Tornado_25K/single_product/Blue_Raspberry_Ice.webp,,,,,,,,,,TRUE,,,,TRUE,,,Strawberry Watermelon,Vaapee_Tornado_25K-strawberry-watermelon,,FALSE,TRUE,,,,,,,,,,,Flavor,Strawberry Watermelon,https://vaapee0403.dongsir06.workers.dev/img/all_img/product/Vaapee_Tornado_25K/single_product/Strawberry_Watermelon.webp,
,vaapee-tornado-25k,VAAPEE TORNADO 25K,,Classic style disposable vape with 25K puffs.,published,https://vaapee0403.dongsir06.workers.dev/img/all_img/product/Vaapee_Tornado_25K/single_product/Blue_Raspberry_Ice.webp,,,,,,,,,,TRUE,,,,TRUE,,,Watermelon Ice,Vaapee_Tornado_25K-watermelon-ice,,FALSE,TRUE,,,,,,,,,,,Flavor,Watermelon Ice,https://vaapee0403.dongsir06.workers.dev/img/all_img/product/Vaapee_Tornado_25K/single_product/Watermelon_Ice.webp,
,vapanda-tornado-18k,VAPANDA TORNADO 18K,,Classic style disposable vape with 18K puffs.,published,https://vaapee0403.dongsir06.workers.dev/img/all_img/product/Vapanda_Tornado_18K/single_product/Blue_razz_ice.webp,,,,,,,,,,TRUE,,,,TRUE,,,Blue razz ice,Vapanda_Tornado_18K-blue-razz-ice,,FALSE,TRUE,,,,,,,,,,,Flavor,Blue razz ice,https://vaapee0403.dongsir06.workers.dev/img/all_img/product/Vapanda_Tornado_18K/single_product/Blue_razz_ice.webp,
,vapanda-tornado-18k,VAPANDA TORNADO 18K,,Classic style disposable vape with 18K puffs.,published,https://vaapee0403.dongsir06.workers.dev/img/all_img/product/Vapanda_Tornado_18K/single_product/Blue_razz_ice.webp,,,,,,,,,,TRUE,,,,TRUE,,,Blue RAZZ Lemonade,Vapanda_Tornado_18K-blue-razz-lemonade,,FALSE,TRUE,,,,,,,,,,,Flavor,Blue RAZZ Lemonade,https://vaapee0403.dongsir06.workers.dev/img/all_img/product/Vapanda_Tornado_18K/single_product/Blue_RAZZ_Lemonade.webp,
,vapanda-tornado-18k,VAPANDA TORNADO 18K,,Classic style disposable vape with 18K puffs.,published,https://vaapee0403.dongsir06.workers.dev/img/all_img/product/Vapanda_Tornado_18K/single_product/Blue_razz_ice.webp,,,,,,,,,,TRUE,,,,TRUE,,,Blueberry ice,Vapanda_Tornado_18K-blueberry-ice,,FALSE,TRUE,,,,,,,,,,,Flavor,Blueberry ice,https://vaapee0403.dongsir06.workers.dev/img/all_img/product/Vapanda_Tornado_18K/single_product/Blueberry_ice.webp,
,vapanda-tornado-18k,VAPANDA TORNADO 18K,,Classic style disposable vape with 18K puffs.,published,https://vaapee0403.dongsir06.workers.dev/img/all_img/product/Vapanda_Tornado_18K/single_product/Blue_razz_ice.webp,,,,,,,,,,TRUE,,,,TRUE,,,CHERRY COLA,Vapanda_Tornado_18K-cherry-cola,,FALSE,TRUE,,,,,,,,,,,Flavor,CHERRY COLA,https://vaapee0403.dongsir06.workers.dev/img/all_img/product/Vapanda_Tornado_18K/single_product/CHERRY_COLA.webp,
,vapanda-tornado-18k,VAPANDA TORNADO 18K,,Classic style disposable vape with 18K puffs.,published,https://vaapee0403.dongsir06.workers.dev/img/all_img/product/Vapanda_Tornado_18K/single_product/Blue_razz_ice.webp,,,,,,,,,,TRUE,,,,TRUE,,,Cranberry Grape,Vapanda_Tornado_18K-cranberry-grape,,FALSE,TRUE,,,,,,,,,,,Flavor,Cranberry Grape,https://vaapee0403.dongsir06.workers.dev/img/all_img/product/Vapanda_Tornado_18K/single_product/Cranberry_Grape.webp,
,vapanda-tornado-18k,VAPANDA TORNADO 18K,,Classic style disposable vape with 18K puffs.,published,https://vaapee0403.dongsir06.workers.dev/img/all_img/product/Vapanda_Tornado_18K/single_product/Blue_razz_ice.webp,,,,,,,,,,TRUE,,,,TRUE,,,Grape ice,Vapanda_Tornado_18K-grape-ice,,FALSE,TRUE,,,,,,,,,,,Flavor,Grape ice,https://vaapee0403.dongsir06.workers.dev/img/all_img/product/Vapanda_Tornado_18K/single_product/Grape_ice.webp,
,vapanda-tornado-18k,VAPANDA TORNADO 18K,,Classic style disposable vape with 18K puffs.,published,https://vaapee0403.dongsir06.workers.dev/img/all_img/product/Vapanda_Tornado_18K/single_product/Blue_razz_ice.webp,,,,,,,,,,TRUE,,,,TRUE,,,Gummy bear,Vapanda_Tornado_18K-gummy-bear,,FALSE,TRUE,,,,,,,,,,,Flavor,Gummy bear,https://vaapee0403.dongsir06.workers.dev/img/all_img/product/Vapanda_Tornado_18K/single_product/Gummy_bear.webp,
,vapanda-tornado-18k,VAPANDA TORNADO 18K,,Classic style disposable vape with 18K puffs.,published,https://vaapee0403.dongsir06.workers.dev/img/all_img/product/Vapanda_Tornado_18K/single_product/Blue_razz_ice.webp,,,,,,,,,,TRUE,,,,TRUE,,,Kiwi passion fruit guava,Vapanda_Tornado_18K-kiwi-passion-fruit-guava,,FALSE,TRUE,,,,,,,,,,,Flavor,Kiwi passion fruit guava,https://vaapee0403.dongsir06.workers.dev/img/all_img/product/Vapanda_Tornado_18K/single_product/Kiwi_passion_fruit_guava.webp,
,vapanda-tornado-18k,VAPANDA TORNADO 18K,,Classic style disposable vape with 18K puffs.,published,https://vaapee0403.dongsir06.workers.dev/img/all_img/product/Vapanda_Tornado_18K/single_product/Blue_razz_ice.webp,,,,,,,,,,TRUE,,,,TRUE,,,Mixed berries,Vapanda_Tornado_18K-mixed-berries,,FALSE,TRUE,,,,,,,,,,,Flavor,Mixed berries,https://vaapee0403.dongsir06.workers.dev/img/all_img/product/Vapanda_Tornado_18K/single_product/Mixed_berries.webp,
,vapanda-tornado-18k,VAPANDA TORNADO 18K,,Classic style disposable vape with 18K puffs.,published,https://vaapee0403.dongsir06.workers.dev/img/all_img/product/Vapanda_Tornado_18K/single_product/Blue_razz_ice.webp,,,,,,,,,,TRUE,,,,TRUE,,,PEACH ICE,Vapanda_Tornado_18K-peach-ice,,FALSE,TRUE,,,,,,,,,,,Flavor,PEACH ICE,https://vaapee0403.dongsir06.workers.dev/img/all_img/product/Vapanda_Tornado_18K/single_product/PEACH_ICE.webp,
,vapanda-tornado-18k,VAPANDA TORNADO 18K,,Classic style disposable vape with 18K puffs.,published,https://vaapee0403.dongsir06.workers.dev/img/all_img/product/Vapanda_Tornado_18K/single_product/Blue_razz_ice.webp,,,,,,,,,,TRUE,,,,TRUE,,,STRAWBERRY ICE CREAM,Vapanda_Tornado_18K-strawberry-ice-cream,,FALSE,TRUE,,,,,,,,,,,Flavor,STRAWBERRY ICE CREAM,https://vaapee0403.dongsir06.workers.dev/img/all_img/product/Vapanda_Tornado_18K/single_product/STRAWBERRY_ICE_CREAM.webp,
,vapanda-tornado-18k,VAPANDA TORNADO 18K,,Classic style disposable vape with 18K puffs.,published,https://vaapee0403.dongsir06.workers.dev/img/all_img/product/Vapanda_Tornado_18K/single_product/Blue_razz_ice.webp,,,,,,,,,,TRUE,,,,TRUE,,,Strawberry mango,Vapanda_Tornado_18K-strawberry-mango,,FALSE,TRUE,,,,,,,,,,,Flavor,Strawberry mango,https://vaapee0403.dongsir06.workers.dev/img/all_img/product/Vapanda_Tornado_18K/single_product/Strawberry_mango.webp,
,vapanda-tornado-18k,VAPANDA TORNADO 18K,,Classic style disposable vape with 18K puffs.,published,https://vaapee0403.dongsir06.workers.dev/img/all_img/product/Vapanda_Tornado_18K/single_product/Blue_razz_ice.webp,,,,,,,,,,TRUE,,,,TRUE,,,Strawberry raspberry cherry,Vapanda_Tornado_18K-strawberry-raspberry-cherry,,FALSE,TRUE,,,,,,,,,,,Flavor,Strawberry raspberry cherry,https://vaapee0403.dongsir06.workers.dev/img/all_img/product/Vapanda_Tornado_18K/single_product/Strawberry_raspberry_cherry.webp,
,vapanda-tornado-18k,VAPANDA TORNADO 18K,,Classic style disposable vape with 18K puffs.,published,https://vaapee0403.dongsir06.workers.dev/img/all_img/product/Vapanda_Tornado_18K/single_product/Blue_razz_ice.webp,,,,,,,,,,TRUE,,,,TRUE,,,Strawberry watermelon,Vapanda_Tornado_18K-strawberry-watermelon,,FALSE,TRUE,,,,,,,,,,,Flavor,Strawberry watermelon,https://vaapee0403.dongsir06.workers.dev/img/all_img/product/Vapanda_Tornado_18K/single_product/Strawberry_watermelon.webp,
,vapanda-tornado-18k,VAPANDA TORNADO 18K,,Classic style disposable vape with 18K puffs.,published,https://vaapee0403.dongsir06.workers.dev/img/all_img/product/Vapanda_Tornado_18K/single_product/Blue_razz_ice.webp,,,,,,,,,,TRUE,,,,TRUE,,,Watermelon ice,Vapanda_Tornado_18K-watermelon-ice,,FALSE,TRUE,,,,,,,,,,,Flavor,Watermelon ice,https://vaapee0403.dongsir06.workers.dev/img/all_img/product/Vapanda_Tornado_18K/single_product/Watermelon_ice.webp,